{"cameraMode":{"drawMode":0,"name":"Shaded","section":"Shading Mode"},"sceneLighting":true,"audioPlay":false,"sceneViewState":{"m_AlwaysRefresh":false,"showFog":true,"showSkybox":true,"showFlares":true,"showImageEffects":true,"showParticleSystems":true,"showVisualEffectGraphs":true,"m_FxEnabled":true},"in2DMode":false,"pivot":{"x":-0.6964099407196045,"y":0.9543431997299194,"z":-1.4765453338623047},"rotation":{"x":0.1910020112991333,"y":0.3729340434074402,"z":-0.08016212284564972,"w":0.9061325192451477},"size":2.1807806491851808,"orthographic":false}