{"cameraMode":{"drawMode":0,"name":"Shaded","section":"Shading Mode"},"sceneLighting":false,"audioPlay":false,"sceneViewState":{"m_AlwaysRefresh":false,"showFog":true,"showSkybox":false,"showFlares":true,"showImageEffects":true,"showParticleSystems":true,"showVisualEffectGraphs":true,"m_FxEnabled":true},"in2DMode":false,"pivot":{"x":2.0923049449920656,"y":0.930000364780426,"z":-3.1229605674743654},"rotation":{"x":0.12395839393138886,"y":0.6897934675216675,"z":-0.12280712276697159,"w":0.7032710909843445},"size":1.2309956550598145,"orthographic":false}