{"cameraMode":{"drawMode":0,"name":"Shaded","section":"Shading Mode"},"sceneLighting":false,"audioPlay":false,"sceneViewState":{"m_AlwaysRefresh":false,"showFog":true,"showSkybox":false,"showFlares":true,"showImageEffects":true,"showParticleSystems":true,"showVisualEffectGraphs":true,"m_FxEnabled":true},"in2DMode":false,"pivot":{"x":-11.815999984741211,"y":1.5449999570846558,"z":4.398793697357178},"rotation":{"x":-0.1204460859298706,"y":0.19064541161060334,"z":-0.017806513234972955,"w":-0.9750319719314575},"size":0.49627068638801577,"orthographic":false}